"","Dim.1","Dim.2","Dim.3"
"Sand",-0.712798541423352,0.621306046236538,-0.323928913093967
"Silt",-0.935849176535069,-0.0868561988188789,0.328075806449376
"Clay",0.966970159928648,-0.11918848168972,-0.209603590840871
"SOC",0.871543754618714,0.374734903021922,0.285740225825594
"CEC",0.953793031946393,-0.120660241135891,-0.207236893846698
"Total.N",0.911132113087215,0.291198691875151,0.24962332802257
