,training_loss,validation_loss,training_accuracy,validation_accuracy
0,2.2289047241210938,0.4861604869365692,,
1,1.0996544361114502,0.26551511883735657,,
2,1.076526165008545,0.389843225479126,,
3,0.9331452250480652,0.30979007482528687,,
4,0.8093374371528625,0.1499728113412857,,
5,0.8475626111030579,0.1800529509782791,,
6,0.8066290616989136,0.1629212200641632,,
7,0.7655534148216248,0.08400236070156097,,
8,0.6970009207725525,0.0983244776725769,,
9,0.7622720003128052,0.0980665385723114,,
