,training_loss,validation_loss,training_accuracy,validation_accuracy
0,3.739354372024536,2.9996185302734375,,
1,2.341411828994751,1.4310948848724365,,
2,1.2229329347610474,0.3283545970916748,,
3,0.7594050765037537,0.06972244381904602,,
4,0.8177562952041626,0.06444013863801956,,
5,0.7054736018180847,0.09302104264497757,,
6,0.7315776944160461,0.1375829577445984,,
7,0.6746835112571716,0.10521109402179718,,
8,0.6969099044799805,0.06449001282453537,,
9,0.6916723251342773,0.0626501515507698,,
