,training_loss,validation_loss,training_accuracy,validation_accuracy
0,2.64886212348938,1.5489519834518433,,
1,1.3045053482055664,0.3435501158237457,,
2,0.7125735878944397,0.05023622885346413,,
3,0.7371277213096619,0.09887915849685669,,
4,0.7519027590751648,0.04574159160256386,,
5,0.6549019813537598,0.09091036766767502,,
6,0.684416651725769,0.10104305297136307,,
7,0.6984646916389465,0.0694926530122757,,
8,0.6262049078941345,0.04721244424581528,,
9,0.6746169328689575,0.04102909937500954,,
