"","eigenvalue","variance.percent","cumulative.variance.percent"
"Dim.1",10.3812612616486,38.4491157838838,38.4491157838838
"Dim.2",6.56700399346977,24.322237012851,62.7713527967348
"Dim.3",3.68088052954142,13.6328908501534,76.4042436468883
"Dim.4",2.97840633930788,11.0311345900292,87.4353782369175
"Dim.5",1.25612762941898,4.65232455340363,92.0877027903211
"Dim.6",1.1792702667033,4.36766765445668,96.4553704447778
"Dim.7",0.635221035365387,2.35267050135329,98.8080409461311
"Dim.8",0.321828944544607,1.19195905386892,100
