"","eigenvalue","variance.percent","cumulative.variance.percent"
"Dim.1",10.6027915435809,39.2695983095588,39.2695983095588
"Dim.2",5.33318783491163,19.7525475367097,59.0221458462685
"Dim.3",4.36689060966556,16.1736689246873,75.1958147709558
"Dim.4",2.35348119531962,8.71659701970228,83.9124117906581
"Dim.5",1.9248572898557,7.12910107353963,91.0415128641977
"Dim.6",1.54147576700561,5.70916950742818,96.7506823716259
"Dim.7",0.524993011977475,1.94441856287954,98.6951009345054
"Dim.8",0.352322747683535,1.30489906549457,100
