,training_loss,validation_loss,training_accuracy,validation_accuracy
0,2.683950424194336,1.5881363153457642,,
1,1.2984563112258911,0.312383770942688,,
2,0.7258211374282837,0.06486731022596359,,
3,0.7919520735740662,0.06196209415793419,,
4,0.7366853356361389,0.06568253040313721,,
5,0.6566937565803528,0.1032598465681076,,
6,0.7162817716598511,0.07531613111495972,,
7,0.6660957336425781,0.04039229452610016,,
8,0.6731632351875305,0.0358700193464756,,
9,0.6579523086547852,0.04316782206296921,,
