,training_loss,validation_loss,training_accuracy,validation_accuracy
0,1.340765357017517,0.24150101840496063,,
1,1.0721994638442993,0.40604710578918457,,
2,1.0238507986068726,0.2494773268699646,,
3,0.9180698394775391,0.09686557948589325,,
4,0.8139762878417969,0.10907485336065292,,
5,0.7284615635871887,0.0794634148478508,,
6,0.7340574860572815,0.052272405475378036,,
7,0.737557053565979,0.05751412361860275,,
8,0.7353623509407043,0.03726392239332199,,
9,0.7688913941383362,0.05388788878917694,,
