,training_loss,validation_loss,training_accuracy,validation_accuracy
0,2.811960220336914,1.7052485942840576,,
1,1.3871281147003174,0.48388177156448364,,
2,0.7480214238166809,0.054066453129053116,,
3,0.7237078547477722,0.07545891404151917,,
4,0.7303332090377808,0.04658199101686478,,
5,0.6567173600196838,0.06301243603229523,,
6,0.6593503952026367,0.08032344281673431,,
7,0.6917235255241394,0.06710075587034225,,
8,0.695167601108551,0.051029022783041,,
9,0.6701340079307556,0.04320736974477768,,
