,training_loss,validation_loss,training_accuracy,validation_accuracy
0,2.611191987991333,0.5599269270896912,,
1,0.8813099265098572,0.347029447555542,,
2,0.8361722826957703,0.02658223733305931,,
3,0.7336353659629822,0.16090966761112213,,
4,0.6993767023086548,0.03555041924118996,,
5,0.6372446417808533,0.036707665771245956,,
6,0.7030938863754272,0.03782365471124649,,
7,0.694316565990448,0.027302803471684456,,
8,0.6681851744651794,0.025282157585024834,,
9,0.6320454478263855,0.025442784652113914,,
