,training_loss,validation_loss,training_accuracy,validation_accuracy
0,4.680490970611572,3.8246495723724365,,
1,2.6771702766418457,1.7385613918304443,,
2,1.334028959274292,0.42598190903663635,,
3,0.6771503686904907,0.07033839821815491,,
4,0.7262523770332336,0.10919386148452759,,
5,0.6963635087013245,0.06621909886598587,,
6,0.634645402431488,0.1032218411564827,,
7,0.6522411704063416,0.12322497367858887,,
8,0.6489928960800171,0.087726891040802,,
9,0.6393983960151672,0.0671604722738266,,
