,training_loss,validation_loss,training_accuracy,validation_accuracy
0,3.189842939376831,1.3436615467071533,,
1,1.0823109149932861,0.04984130710363388,,
2,0.8239121437072754,0.18992698192596436,,
3,0.8237027525901794,0.026373660191893578,,
4,0.6665056943893433,0.04694987088441849,,
5,0.7143085598945618,0.04195325821638107,,
6,0.6790775656700134,0.025670528411865234,,
7,0.6595084071159363,0.02630373276770115,,
8,0.669098973274231,0.02550872042775154,,
9,0.677144467830658,0.02622789330780506,,
