,training_loss,validation_loss,training_accuracy,validation_accuracy
0,2.795839309692383,2.130802869796753,,
1,1.9057083129882812,1.2616589069366455,,
2,1.3967459201812744,0.7765071392059326,,
3,1.0585325956344604,0.42452332377433777,,
4,0.8371277451515198,0.19362057745456696,,
5,0.6961498856544495,0.07603001594543457,,
6,0.6431298851966858,0.03861101716756821,,
7,0.6272204518318176,0.0377679318189621,,
8,0.634031355381012,0.04098142310976982,,
9,0.6337926983833313,0.037787582725286484,,
