,training_loss,validation_loss,training_accuracy,validation_accuracy
0,1.8344857692718506,0.37171053886413574,,
1,0.7837947010993958,0.155084490776062,,
2,0.7439408302307129,0.27671685814857483,,
3,0.7203017473220825,0.20082980394363403,,
4,0.6865808367729187,0.11847585439682007,,
5,0.6770414113998413,0.14267267286777496,,
6,0.6515950560569763,0.08830910921096802,,
7,0.640548825263977,0.0630185529589653,,
8,0.6393629312515259,0.048770494759082794,,
9,0.6626548767089844,0.03875064477324486,,
