,training_loss,validation_loss,training_accuracy,validation_accuracy
0,2.4895215034484863,1.4963818788528442,,
1,1.241094946861267,0.3042941987514496,,
2,0.7073145508766174,0.06681559234857559,,
3,0.798167884349823,0.06437155604362488,,
4,0.7257475256919861,0.08890461176633835,,
5,0.6689750552177429,0.13451890647411346,,
6,0.6967141032218933,0.09008723497390747,,
7,0.6811695098876953,0.054992686957120895,,
8,0.6810153722763062,0.044798459857702255,,
9,0.6668533086776733,0.05969541519880295,,
