,training_loss,validation_loss,training_accuracy,validation_accuracy
0,1.9662789106369019,0.16730092465877533,,
1,0.8653016090393066,0.1584482640028,,
2,0.7839771509170532,0.2417559176683426,,
3,0.7149239778518677,0.2921379804611206,,
4,0.6809218525886536,0.14659124612808228,,
5,0.6847265958786011,0.09086285531520844,,
6,0.6568036079406738,0.1116204783320427,,
7,0.649448037147522,0.11052855104207993,,
8,0.6570218205451965,0.05246049538254738,,
9,0.6362993121147156,0.052744701504707336,,
