,training_loss,validation_loss,training_accuracy,validation_accuracy
0,1.155765175819397,0.2933688461780548,,
1,0.8550528287887573,0.43760979175567627,,
2,0.7547816634178162,0.36472198367118835,,
3,0.7086166739463806,0.17666040360927582,,
4,0.6786325573921204,0.1969829797744751,,
5,0.6671571135520935,0.12934209406375885,,
6,0.6475305557250977,0.08515547215938568,,
7,0.6419291496276855,0.08184077590703964,,
8,0.6306026577949524,0.06613192707300186,,
9,0.628214418888092,0.05336396396160126,,
