,training_loss,validation_loss,training_accuracy,validation_accuracy
0,3.0670344829559326,2.47737717628479,,
1,1.997421145439148,1.1711233854293823,,
2,1.09574294090271,0.22278881072998047,,
3,0.6698423027992249,0.07974816113710403,,
4,0.7194502949714661,0.06092870607972145,,
5,0.6588343381881714,0.10625181347131729,,
6,0.6445907354354858,0.11558489501476288,,
7,0.64404296875,0.08818250149488449,,
8,0.6364170908927917,0.07179918140172958,,
9,0.6352923512458801,0.06614738702774048,,
