,training_loss,validation_loss,training_accuracy,validation_accuracy
0,3.136042356491089,1.7973005771636963,,
1,1.1947497129440308,0.09410014748573303,,
2,0.8168436884880066,0.12087718397378922,,
3,0.6908907890319824,0.29686659574508667,,
4,0.7256978154182434,0.2886022627353668,,
5,0.6709508895874023,0.15617626905441284,,
6,0.6795564889907837,0.12440533190965652,,
7,0.6639294028282166,0.15362878143787384,,
8,0.6579343676567078,0.14281238615512848,,
9,0.6472177505493164,0.09380115568637848,,
