,training_loss,validation_loss,training_accuracy,validation_accuracy
0,2.878622531890869,1.82522451877594,,
1,1.4497829675674438,0.4823445677757263,,
2,0.7693354487419128,0.05289836600422859,,
3,0.7394790053367615,0.10327789932489395,,
4,0.722684383392334,0.05106545239686966,,
5,0.6490411162376404,0.07913605123758316,,
6,0.6552730798721313,0.08656970411539078,,
7,0.6529133915901184,0.06404057145118713,,
8,0.6424872279167175,0.05831969901919365,,
9,0.6589054465293884,0.051736585795879364,,
