,training_loss,validation_loss,training_accuracy,validation_accuracy
0,1.4976310729980469,0.2005792111158371,,
1,0.9132624268531799,0.058562878519296646,,
2,0.7027883529663086,0.2717662751674652,,
3,0.686339259147644,0.063174307346344,,
4,0.6554861664772034,0.04914712905883789,,
5,0.6458356976509094,0.08763418346643448,,
6,0.6389704942703247,0.06913740932941437,,
7,0.6340054273605347,0.0477314330637455,,
8,0.6422977447509766,0.043603286147117615,,
9,0.6381375193595886,0.0798925831913948,,
