,training_loss,validation_loss,training_accuracy,validation_accuracy
0,1.3311643600463867,0.15982235968112946,,
1,0.8539581894874573,0.35354864597320557,,
2,0.7227195501327515,0.09339781105518341,,
3,0.6907788515090942,0.20824287831783295,,
4,0.6923456192016602,0.06188548356294632,,
5,0.6442250609397888,0.1118536964058876,,
6,0.6289951205253601,0.04668761044740677,,
7,0.6806706786155701,0.06131117790937424,,
8,0.6817057728767395,0.04691110923886299,,
9,0.6815894246101379,0.05612710118293762,,
