,training_loss,validation_loss,training_accuracy,validation_accuracy
0,4.162441730499268,0.9970884919166565,,
1,1.395137071609497,0.4089197814464569,,
2,1.114806890487671,0.40203291177749634,,
3,0.954377293586731,0.6947135925292969,,
4,1.05789053440094,0.4700028598308563,,
5,0.9623703360557556,0.285333514213562,,
6,0.8034892678260803,0.2867552638053894,,
7,0.838407039642334,0.26646727323532104,,
8,0.8043245673179626,0.21436837315559387,,
9,0.7991301417350769,0.1494935154914856,,
