,training_loss,validation_loss,training_accuracy,validation_accuracy
0,2.2847211360931396,1.2746978998184204,,
1,1.1607863903045654,0.23613430559635162,,
2,0.7052704691886902,0.06457076966762543,,
3,0.7557587623596191,0.05907232314348221,,
4,0.6605172157287598,0.06016235053539276,,
5,0.6600494384765625,0.09137178212404251,,
6,0.6515542268753052,0.07238103449344635,,
7,0.694438636302948,0.044550348073244095,,
8,0.676622748374939,0.040891654789447784,,
9,0.6743704676628113,0.0565684512257576,,
