,training_loss,validation_loss,training_accuracy,validation_accuracy
0,2.4915859699249268,0.22829724848270416,,
1,0.7531876564025879,0.29420432448387146,,
2,0.8201630711555481,0.0458902046084404,,
3,0.7300418019294739,0.08802781254053116,,
4,0.6871472597122192,0.039941009134054184,,
5,0.6422728300094604,0.05937018245458603,,
6,0.6889172792434692,0.0326044037938118,,
7,0.6662154197692871,0.03954317793250084,,
8,0.6725687384605408,0.026999743655323982,,
9,0.6598194241523743,0.03198689967393875,,
