,training_loss,validation_loss,training_accuracy,validation_accuracy
0,3.0024454593658447,2.178950786590576,,
1,1.7475212812423706,0.7635870575904846,,
2,0.8434287309646606,0.06569129973649979,,
3,0.7771955132484436,0.09223712980747223,,
4,0.7627654075622559,0.05777774006128311,,
5,0.7018899917602539,0.1308777928352356,,
6,0.6886309385299683,0.12361405789852142,,
7,0.6870536208152771,0.07920199632644653,,
8,0.6948260068893433,0.05393761768937111,,
9,0.6720276474952698,0.05193816125392914,,
