,training_loss,validation_loss,training_accuracy,validation_accuracy
0,3.6462600231170654,1.3281553983688354,,
1,1.1014448404312134,0.2774099111557007,,
2,1.2300506830215454,0.2362254559993744,,
3,0.9661005735397339,0.5048290491104126,,
4,0.966274082660675,0.40237730741500854,,
5,0.7875677943229675,0.17929869890213013,,
6,0.7634272575378418,0.15618100762367249,,
7,0.7744808197021484,0.2591705024242401,,
8,0.8072299957275391,0.20178666710853577,,
9,0.7153331637382507,0.11981623619794846,,
