,training_loss,validation_loss,training_accuracy,validation_accuracy
0,2.1289894580841064,0.06899723410606384,,
1,0.82524174451828,0.3740251362323761,,
2,0.8199096918106079,0.040380727499723434,,
3,0.7458227872848511,0.11497464776039124,,
4,0.7344840168952942,0.029293997213244438,,
5,0.683975100517273,0.04693974182009697,,
6,0.7072011232376099,0.02637614868581295,,
7,0.7801400423049927,0.03305051475763321,,
8,0.6087881326675415,0.025524258613586426,,
9,0.6261342167854309,0.02511216700077057,,
