,training_loss,validation_loss,training_accuracy,validation_accuracy
0,1.0450679063796997,0.9987541437149048,,
1,0.7506553530693054,0.6571714282035828,,
2,0.583057165145874,0.5271179676055908,,
3,0.44748416543006897,0.43940696120262146,,
4,0.28962448239326477,0.16711540520191193,,
5,0.0954211875796318,0.026876326650381088,,
6,0.05012453347444534,0.06858331710100174,,
7,0.05656265839934349,0.07038778811693192,,
8,0.09194714576005936,0.08329261839389801,,
9,0.05828414484858513,0.05544663965702057,,
10,0.038813915103673935,0.03164337947964668,,
11,0.03297962248325348,0.05533122643828392,,
12,0.04656535014510155,0.0668516755104065,,
13,0.045207247138023376,0.032802753150463104,,
14,0.029840849339962006,0.01563330739736557,,
15,0.025679107755422592,0.013386288657784462,,
16,0.025043359026312828,0.012276845052838326,,
17,0.02494516409933567,0.015789933502674103,,
18,0.030781008303165436,0.021155551075935364,,
19,0.029172683134675026,0.015986381098628044,,
20,0.029571978375315666,0.01767347939312458,,
21,0.02720717526972294,0.015130891464650631,,
22,0.02326509729027748,0.012423154897987843,,
23,0.02854480966925621,0.014365599490702152,,
24,0.030067075043916702,0.015008267015218735,,
25,0.030752819031476974,0.01957744173705578,,
26,0.0304398350417614,0.013557193800807,,
27,0.029295198619365692,0.03449132665991783,,
28,0.038427047431468964,0.018340440467000008,,
29,0.03016686998307705,0.013133864849805832,,
30,0.025217829272150993,0.01451675035059452,,
31,0.023608939722180367,0.018240371719002724,,
32,0.03080376610159874,0.0124526247382164,,
33,0.02770061045885086,0.023912010714411736,,
34,0.03172321617603302,0.03628437593579292,,
35,0.03853357583284378,0.025320542976260185,,
36,0.040705010294914246,0.026247933506965637,,
37,0.03148523345589638,0.020893746986985207,,
38,0.02572290040552616,0.012847335077822208,,
39,0.024038095027208328,0.021613838151097298,,
40,0.03817721828818321,0.02000495232641697,,
41,0.029539328068494797,0.02147279866039753,,
42,0.025949323549866676,0.015002519823610783,,
43,0.027001256123185158,0.025476455688476562,,
44,0.041764967143535614,0.014620759524405003,,
45,0.03440019488334656,0.015681995078921318,,
46,0.04173370450735092,0.030320502817630768,,
47,0.03115452453494072,0.014972643926739693,,
48,0.027801234275102615,0.016074322164058685,,
49,0.026410473510622978,0.018405886366963387,,
