,training_loss,validation_loss,training_accuracy,validation_accuracy
0,3.8921902179718018,1.0798797607421875,,
1,0.842294454574585,1.0432876348495483,,
2,1.0547939538955688,0.7337492108345032,,
3,0.6588258147239685,0.7476449012756348,,
4,0.6608967185020447,0.735581636428833,,
5,0.5926682949066162,0.5731405019760132,,
6,0.5425115823745728,0.5166506171226501,,
7,0.4981573224067688,0.4858432114124298,,
8,0.4392293393611908,0.429755300283432,,
9,0.3910905122756958,0.3702195882797241,,
10,0.3421587646007538,0.3154054284095764,,
11,0.29095908999443054,0.25425127148628235,,
12,0.24127085506916046,0.2006150633096695,,
13,0.1940799206495285,0.1507767289876938,,
14,0.14634349942207336,0.10795702785253525,,
15,0.10598808526992798,0.06873028725385666,,
16,0.07253780961036682,0.03898816928267479,,
17,0.05079244449734688,0.027117637917399406,,
18,0.03864763677120209,0.025925761088728905,,
19,0.03693997487425804,0.022144252434372902,,
20,0.03128467872738838,0.01719813235104084,,
21,0.028161197900772095,0.016264479607343674,,
22,0.02766546979546547,0.015791917219758034,,
23,0.028572985902428627,0.018537405878305435,,
24,0.027045078575611115,0.0147938784211874,,
25,0.02787187322974205,0.01671285554766655,,
26,0.02796385996043682,0.028171535581350327,,
27,0.030620889738202095,0.015551429241895676,,
28,0.028019022196531296,0.016481850296258926,,
29,0.028681887313723564,0.014284487813711166,,
30,0.02837240882217884,0.016687583178281784,,
31,0.029722359031438828,0.015791572630405426,,
32,0.026840684935450554,0.02157062478363514,,
33,0.03158663585782051,0.013881942257285118,,
34,0.02690497227013111,0.018839284777641296,,
35,0.02811703272163868,0.01708112843334675,,
36,0.029828926548361778,0.015399578958749771,,
37,0.027442028746008873,0.021350914612412453,,
38,0.02976902760565281,0.013537944294512272,,
39,0.027689414098858833,0.014275126159191132,,
40,0.02587857097387314,0.013308389112353325,,
41,0.025038650259375572,0.013922021724283695,,
42,0.026150092482566833,0.017742818221449852,,
43,0.028659772127866745,0.01946006901562214,,
44,0.03019646182656288,0.01783229410648346,,
45,0.027674982324242592,0.013221216388046741,,
46,0.025054333731532097,0.015452127903699875,,
47,0.027153553441166878,0.013035622425377369,,
48,0.02845911681652069,0.013783853501081467,,
49,0.02759954147040844,0.017810333520174026,,
